<?xml version="1.0" encoding="UTF-8"?>
<project-private xmlns="http://www.netbeans.org/ns/project-private/1">
    <editor-bookmarks xmlns="http://www.netbeans.org/ns/editor-bookmarks/2" lastBookmarkId="0"/>
    <open-files xmlns="http://www.netbeans.org/ns/projectui-open-files/2">
        <group>
            <file>file:/home/rhavin/NetBeansProjects/QWidgets/_src/Schema/StringSchema.php</file>
            <file>file:/home/rhavin/NetBeansProjects/QWidgets/_src/Restricted/Restrictor.php</file>
            <file>file:/home/rhavin/NetBeansProjects/QWidgets/_src/Restricted/FlagRestrictor.php</file>
            <file>file:/home/rhavin/NetBeansProjects/QWidgets/_test/Restricted/FlagRestrictorTest.php</file>
            <file>file:/home/rhavin/NetBeansProjects/QWidgets/_test/Restricted/ItemTest.php</file>
        </group>
    </open-files>
</project-private>
